MonsterId,FamilyId,RankId,Number,Name,JapaneseName,FrenchName,Identifier,HP,MP,Att,Def,Agi,Wis,MaxHP,MaxMP,MaxAtt,MaxDef,MaxAgi,MaxWis,Trivia,EggTypeId,Notes
87,8,7,,??? Family (A),,,boss-a,,,,,,,,,,,,,,,
80,8,10,,??? Family (Any),,,boss-any,,,,,,,,,,,,,,,
86,8,6,,??? Family (B),,,boss-b,,,,,,,,,,,,,,,
85,8,5,,??? Family (C),,,boss-c,,,,,,,,,,,,,,,
84,8,4,,??? Family (D),,,boss-d,,,,,,,,,,,,,,,
83,8,3,,??? Family (E),,,boss-e,,,,,,,,,,,,,,,
82,8,2,,??? Family (F),,,boss-f,,,,,,,,,,,,,,,
81,8,1,,??? Family (G),,,boss-g,,,,,,,,,,,,,,,
88,8,8,,??? Family (S),,,boss-s,,,,,,,,,,,,,,,
89,8,9,,??? Family (X),,,boss-x,,,,,,,,,,,,,,,
466,5,6,345,A3G15,デュランダル,A3G15,a3g15,2,2,3,4,3,3,1290,330,580,620,530,570,,,
503,6,8,426,Aamon,エビルプリースト,Aamon,aamon,3,4,2,4,5,5,1260,500,410,550,610,770,,,
433,4,6,268,Abominable Showman,ベロリンマン,Abominhomme des neiges,abominable-showman,3,1,3,3,4,2,1330,300,590,490,610,390,,,
443,5,4,314,Abracadabrador,サブナック,Abracadabraque,abracadabrador,2,3,3,3,2,3,1350,430,570,550,370,640,,,
359,2,4,97,Abyss Diver,ヘルダイバー,Abyssaure,abyss-diver,2,1,3,4,3,1,1350,320,580,630,550,290,,,
382,2,8,130,Abyssal Dragon,ドラゴンアビス,Dragon des abysses,abyssal-dragon,4,1,3,2,3,3,1370,250,590,430,500,560,,,
594,5,6,342,Admirer,ジェリーマン,Viscaire,admirer,4,3,1,1,4,3,1420,460,380,330,580,510,,,
107,2,1,68,Airbagon,はじけドーラ,Méthanosaure,airbagon,1,1,2,3,2,1,1410,290,590,670,390,340,"Dragons who love giving humans a good fright by inflating themselves and then making themselves burst. In order to get the biggest bang they can, they inhale huge volumes of air but occasionally wimp out before they pop.",,
593,5,6,341,Alarmour,サタンメイル,Alarmure,alarmour,3,3,3,4,2,3,1320,440,580,670,420,510,,,
289,1,3,22,Angel Slime,エンゼルスライム,Gluangélique,angel-slime,2,4,1,2,3,3,1320,650,350,420,590,670,,,
108,4,1,205,Antguzzler,アントベア,Gloutofourmilier,antguzzler,1,2,2,1,2,2,1380,450,610,380,440,450,These long-snouted  monsters resemble spiny anteaters. Their lengthy tongues are well-adapted to slurping army ants up from their nests.,,
488,6,6,405,Archdemon,アークデーモン,Archidémon,archdemon,3,3,3,3,2,3,1360,400,580,530,400,570,,,
398,3,5,182,Armoured Scorpion,さそりアーマー,Scorpion blindé,armoured-scorpion,2,1,3,4,2,2,1350,300,620,670,450,390,,,
109,2,2,73,Armoured Wartoise,アイアンタートル,Tortumastok,armoured-wartoise,2,3,1,5,1,3,1370,540,410,800,300,660,,1,
495,6,7,415,Atlas,アトラス,Atlas,atlas,4,1,3,4,2,1,1440,290,550,640,430,250,,4,
601,2,6,114,Avarith,フールフール,Avariss,avarith,2,3,3,4,2,4,1290,500,570,640,390,680,,,
110,5,2,295,Avian Android,トルトリーナ,Mécapiaf,avian-android,1,3,2,2,4,1,1310,470,580,430,630,340,,,
111,3,3,167,Awebergine,メランザーナ,Supergine,awebergine,2,2,2,2,3,2,1360,420,560,400,540,440,,,
356,2,4,91,Axesaurus,アックスドラゴン,Eskintosaure,axesaurus,3,2,3,4,2,1,1420,330,560,620,420,310,,,
113,5,1,289,Bag o' Laughs,わらいぶくろ,Maransac,bag-o-laughs,1,3,1,2,2,3,1340,500,460,470,530,590,,,
454,5,5,327,Bag o' Sweets,スウィートバッグ,Sacarose,bag-o-sweets,2,3,2,2,4,3,1300,460,490,430,630,570,,,
301,5,4,321,Bag o' Tricks,ふくぶくろ,Sacaveine,bag-o-tricks,2,3,3,2,3,3,1330,450,590,420,510,510,,2,
114,3,2,155,Bagworm,ミノーン,Sacaver,bagworm,1,3,2,3,2,3,1340,480,560,590,400,550,,1,
407,3,6,196,Baleen Mage,ホエールマージ,Sorciétacé,baleen-mage,4,3,2,3,2,3,1420,420,480,560,350,580,,,
463,5,6,339,Balhib,ゴールデンゴーレム,Phix,balhib,3,1,3,5,2,2,1350,280,590,680,460,440,,,
614,6,7,423,Balzack,バルザック,Dickenz,balzack,4,2,4,3,2,2,1370,360,660,530,410,390,,,
460,5,6,336,Bamboogieman,からくりだいみょう,Bambouligan,bamboogieman,3,2,3,2,2,3,1360,370,580,450,440,600,,,
115,5,1,283,Bambooligan,たけやりへい,Bambougre,bambooligan,1,1,2,2,2,2,1390,290,580,500,490,410,,,
116,3,1,136,Bantamweight,おおにわとり,Poids-coq,bantamweight,1,1,2,2,4,3,1270,320,540,440,690,600,"These thumping great chickens have learned how to fly. Thanks to their highly-developed flight muscles, they can strike with the power of trained puglist.",1,
534,8,7,498,Baramos,バラモス,Baramos,baramos,3,4,2,2,3,5,1360,570,410,370,460,780,,,
383,2,8,131,Barbarus,闇竜バルボロス,Barbarus,barbarus,4,1,3,3,3,4,1350,280,590,510,460,610,,,
634,6,7,425,Barbatos,ヘルバトラー,Barbatos,barbatos,4,3,3,2,2,3,1400,380,600,360,420,520,,,
582,3,3,164,Barracuda,とつげきうお,Barracuda,barracuda,2,1,3,2,2,1,1400,320,610,440,500,320,,2,
290,3,3,165,Beanie Meanie,ビーンファイター,Combaricot,beanie-meanie,0,0,0,0,0,0,1410,400,530,330,460,550,,,
47,4,7,,Beast Family (A),,,beast-a,,,,,,,,,,,,,,,
40,4,10,,Beast Family (Any),,,beast-any,,,,,,,,,,,,,,,
46,4,6,,Beast Family (B),,,beast-b,,,,,,,,,,,,,,,
45,4,5,,Beast Family (C),,,beast-c,,,,,,,,,,,,,,,
44,4,4,,Beast Family (D),,,beast-d,,,,,,,,,,,,,,,
43,4,3,,Beast Family (E),,,beast-e,,,,,,,,,,,,,,,
42,4,2,,Beast Family (F),,,beast-f,,,,,,,,,,,,,,,
41,4,1,,Beast Family (G),,,beast-g,,,,,,,,,,,,,,,
48,4,8,,Beast Family (S),,,beast-s,,,,,,,,,,,,,,,
49,4,9,,Beast Family (X),,,beast-x,,,,,,,,,,,,,,,
274,1,3,30,Behemoth Slime,もりもりスライム,Gigluant,behemoth-slime,2,3,2,3,2,1,1380,440,580,540,460,320,,,
117,6,3,382,Beleth,ベレス,Byleth,beleth,2,2,2,2,3,3,1360,390,510,380,550,570,,,
502,6,7,424,Belial,ベリアル,Bélial,belial,3,3,2,3,2,4,1350,400,520,550,430,650,,,
403,3,6,189,Belisha Beakon,アカイライ,Rapacepasse,belisha-beakon,3,2,2,1,3,5,1370,320,470,300,540,780,,,
332,1,4,40,Beshemoth Slime,もりもりベス,Gigluante,beshemoth-slime,3,3,3,3,1,1,1460,460,590,580,250,340,,,
595,6,6,411,Bilhaw,セルゲイナス,Chiron,bilhaw,2,2,2,4,4,4,1240,380,470,640,630,720,,,
584,8,8,502,Bishop Ladja,ゲマ,Erebos le Fou,bishop-ladja,4,4,2,2,2,5,1350,590,470,380,390,810,,,
373,2,6,115,Black Dragon,ブラックドラゴン,Dragon noir,black-dragon,3,1,3,2,2,2,1410,290,580,470,470,400,,3,
118,6,1,358,Blinkster,ベビーマジシャン,Fée brile,blinkster,1,2,1,3,2,3,1370,420,430,570,480,610,,1,
456,5,5,330,Blizzybody,ブリザードマン,Glazon,blizzybody,3,3,2,2,3,2,1370,480,510,440,500,480,,,
487,6,5,404,Bloodbonnet,レッドイーター,Frappe-capuche,assassin-circle,2,2,3,2,3,2,1300,350,650,480,560,450,,3,
511,7,4,464,Bloody Hand,ブラッドハンド,Main sanglante,bloody-hand,3,1,3,2,2,2,1410,310,630,380,440,430,,,
119,3,1,143,Bludgerigar,ピッキー,Aratétou,bludgerigar,1,3,2,1,2,2,1310,550,590,340,550,490,,,
620,5,5,329,Blue Moon,なげきムーン,Mornelune,blue-moon,2,3,2,3,2,3,1340,530,540,520,390,630,,,
624,2,5,107,Bobonga,ボボンガー,Cobonga,bobonga,3,1,3,2,2,1,1420,320,600,470,440,350,,,
120,6,1,362,Bodkin Archer,リリパット,Archer vert,bodkin-archer,1,3,2,2,2,1,1410,460,520,500,460,340,,,
295,6,3,380,Bodkin Fletcher,どくやずきん,Dardeur,bodkin-fletcher,1,2,3,2,3,3,1300,400,610,440,550,540,,,
458,5,5,334,Bomboulder,メガザルロック,Vulcanobombe,bomboulder,3,3,2,4,2,3,1390,460,440,640,400,560,,,
523,7,6,481,Bone Baron,しにがみきぞく,Baron d'os,bone-baron,3,2,2,3,3,3,1340,390,530,530,510,540,,,
514,7,4,467,Bone Idol,ほねリーダー,Tue-tête,bone-idol,2,3,2,2,3,3,1280,520,520,440,570,640,,,
532,7,8,496,Bones of Baramos,バラモスゾンビ,Os de Baramos,bones-of-baramos,5,2,3,2,3,1,1450,320,560,390,480,310,,,
121,5,2,294,Bongo Drongo,ドラムゴート,Dingo bongo,bongo-drongo,2,3,2,2,2,2,1380,460,600,450,410,450,"Sturdy spirits in the thrall of their large-faced bongos. All manner of monsters are drawn in by their deft drumming, entranced by the intricate rhapsody of rhythm.",,
625,5,5,332,Bongo Fandango,ホワイトビート,Big bongo,bongo-fandango,3,3,3,3,2,2,1370,510,590,500,420,390,,,
122,4,2,225,Boppin' Badger,ポンポコだぬき,Blaireau bongo,boppin-badger,1,1,2,3,2,2,1350,310,580,590,510,420,,,
579,2,4,93,Boreal Serpent,スノードラゴン,Serpolaire,boreal-serpent,2,1,2,4,2,4,1330,290,520,600,490,670,,,
476,6,4,390,Boss Troll,ボストロール,Chef troll,boss-troll,3,1,4,4,2,1,1400,300,670,640,390,240,,,
123,1,2,20,Box Slime,ボックススライム,Gluanbloc,box-slime,2,4,1,4,1,3,1370,600,470,670,280,650,,,
390,3,4,173,Brimstone Bulb,じごくのたまねぎ,Monstropoiro,brimstone-bulb,3,3,2,2,3,2,1400,410,470,410,540,460,,,
124,2,2,76,Briny Bronco,シーホース,Mustang de mer,briny-bronco,1,2,3,2,2,2,1330,360,630,470,510,470,,1,
308,5,3,305,Brollygagger,キラーアンブレラ,Hécatombrelle,brollygagger,2,2,2,2,2,3,1360,360,560,480,460,580,,,
307,4,3,236,Brownie,ブラウニー,Martebrun,brownie,2,1,3,3,2,2,1340,320,650,550,490,390,,,
103,1,1,7,Bubble Slime,バブルスライム,Gluanbulle,bubble-slime,1,3,2,2,2,1,1400,620,500,490,420,350,"These unfortunate creatures were once normal slimes until permeated by swamp poison, causing their bodies to collapse like underbaked meringue.",1,
126,1,1,4,Buddy Slime,スライムツリー,Tuberglule,buddy-slime,1,3,2,1,2,3,1340,540,550,240,490,680,,,
432,4,6,267,Buffalogre,バッファロン,Encorneur,buffalogre,3,1,3,4,3,1,1400,290,570,640,480,270,,,
127,3,2,146,Bullfinch,あばれうしどり,Taurapace,bullfinch,1,2,3,2,2,2,1320,390,620,527,493,480,,,
128,4,1,207,Bunicorn,いっかくうさぎ,Lapicorne,bunicorn,1,1,2,2,2,2,1370,350,570,430,540,420,"These creatures might resemble rabbits, but meet one of their horns head-on and you'll understand the difference rather sharpish. They pass the long nights huddled together in their warrens.",,
461,5,6,337,Buntzenberner,ギャスモン,Brûle-pourprin,buntzenberner,3,3,2,1,2,4,1400,490,470,300,420,730,,,
129,3,2,151,Cactiball,サボテンボール,Cactueur,cactiball,2,1,3,2,2,2,1370,310,630,490,460,440,,,
537,8,8,504,Calasmos,邪神ニズゼルファ,Kalasmos,khalasmos,3,2,5,4,2,4,1290,330,740,550,380,620,,,
419,4,4,246,Calypso King,トロピカキング,Troubalourd,calypso-king,2,3,3,4,2,1,1360,470,630,610,410,300,,,
130,4,1,211,Candy Cat,しましまキャット,Languochat,candy-cat,1,3,2,2,2,2,1350,480,560,510,450,490,,1,
131,5,2,298,Cannibox,ひとくいばこ,Canniboîte,cannibox,2,1,3,3,2,2,1370,280,630,590,450,390,,,
132,6,2,373,Cannonbrawler,ランドセーラー,Cannoniais,cannonbrawler,2,2,3,2,2,1,1360,430,690,380,460,350,,,
133,3,1,139,Capsichum,くしざしツインズ,Piperaduo,capsichum,1,2,2,2,2,2,1360,440,560,480,480,460,"These terrible twins are in fact born already skewered. Always butting heads, they are often witnessed mid-argument.",1,
394,3,4,177,Carnivine,ひとくいそう,Morchidée,carnivine,3,2,3,2,2,3,1370,340,590,430,470,530,,2,
276,2,3,86,Cauldragon,毒つぼドラゴン,Marmitosaure,cauldragon,2,2,4,2,2,2,1370,340,690,370,460,410,,2,
530,7,7,494,Cetacean Sorcerer,ホエールロード,Orcus-pocus,cetacean-sorcerer,4,5,1,2,2,5,1380,740,360,320,400,800,,,
420,4,4,247,Cheater Cheetah,ベンガル,Tigrrr,cheater-cheetah,3,1,3,2,2,3,1380,300,580,430,480,530,,,
567,2,5,100,Chihuawyrm,ウルフドラゴン,Dracorniaud,chihuawyrm,2,1,3,2,4,1,1360,310,600,430,600,320,,3,
134,3,3,158,Chimaera,キメラ,Chimère,chimaera,2,3,2,2,2,3,1320,430,570,500,500,550,,2,
135,5,2,292,Chocolate Golem,チョコゴーレム,Golem de chocolat,chocolate-golem,2,1,2,3,2,1,1410,310,550,630,440,340,,,
293,7,3,452,Chocolate Whisp,チョコホイップ,Caboss,chocolate-whisp,2,3,2,1,2,3,1350,540,490,350,510,610,,,
376,2,7,121,Clawvus,クームヤーガ,Dracorneille,clawvus,4,3,3,2,4,2,1380,430,550,390,560,340,,,
592,3,6,190,Clobster,荒野シュリンプ,Gombaroudeur,clobster,3,3,2,5,2,2,1400,430,530,680,380,370,,,
136,5,3,304,Clockwork Cuckoo,ガチャコッコ,Coucou mécanique,clockwork-cuckoo,2,1,2,4,3,1,1380,320,530,660,520,300,,2,
137,6,2,364,Cloud Surfer,くものきょじん,Nébulogénie,cloud-surfer,2,2,2,2,2,2,1390,400,560,470,460,430,,,
329,1,4,36,Cococoa Blobelisk,チョコタワー,Chocobélisque,cococoa-blobelisk,2,3,2,2,4,2,1360,480,470,360,600,480,,,
444,5,4,315,Coralossus,シーゴーレム,Corosse,coralossus,3,2,3,3,2,2,1380,380,630,590,380,390,,,
512,7,4,465,Corpsickle,ポイズンゾンビ,Outretombe,corpsickle,3,2,3,2,2,2,1440,330,590,400,430,370,,,
540,8,8,507,Corvus,堕天使エルギオス,Corvus,corvus,4,2,4,3,2,4,1330,340,680,470,390,630,,,
404,3,6,191,Cosmic Chimaera,スターキメラ,Chimère cosmique,cosmic-chimaera,2,3,3,2,4,3,1310,450,570,430,560,520,,,
570,3,5,183,Crabber Dabber Doo,じごくのハサミ,Crabject,crabber-dabber-doo,2,2,2,5,2,3,1320,340,540,790,430,550,,,
306,3,3,160,Crabid,ぐんたいガニ,Crabarbare,crabid,2,1,2,4,3,2,1330,300,570,720,520,380,,,
336,1,5,45,Crème Caraslime,スライムプディング,Gluantilly,creme-caraslime,3,3,3,2,1,2,1440,460,630,410,290,430,,,
138,2,2,75,Croc-a-Bugle-Doo,クロコマーチ,Jazzligator,croc-a-bugle-doo,2,4,2,1,2,1,1390,610,580,270,460,380,,,
278,4,3,235,Cross Eye,ビックアイ,Nakunœil,cross-eye,2,3,3,3,1,2,1380,490,620,540,300,510,,,
365,2,5,104,Crowgre,シャンタク,Dracorvidé,crowgre,2,2,3,2,3,3,1350,340,580,380,550,520,,,
139,3,1,140,Cruelcumber,ズッキーニャ,Concombrageur,cruelcumber,1,3,2,3,2,2,1320,460,570,560,490,480,,,
140,5,1,280,Cumaulus,ギズモ,Flammulus,cumaulus,1,2,2,1,2,3,1340,430,570,350,510,600,,1,
331,1,4,39,Cureslime,ベホマスライム,Guérigluant,cureslime,3,4,1,2,3,4,1370,610,360,370,530,660,,,
509,7,4,461,Cursed Crooner,タタリ御前,Ténori,cursed-crooner,1,3,3,4,2,4,1250,520,630,620,420,660,,,
337,1,5,46,Cyber Slime,スライムボーグ,Cybergluant,cyber-slime,2,2,3,3,2,3,1360,340,590,530,420,570,,3,
314,6,3,376,Cyclops,サイクロプス,Cyclope,cyclops,3,1,3,2,2,1,1430,310,650,510,380,300,,,
141,3,2,148,Cyclown,かまいたち,Cyclown,cyclown,1,3,2,2,2,2,1310,570,590,480,500,430,These wicked wing spirits sport their whirlwinds like work attire. Their greatest desire is to welcome wanders into their whirling worlds.,,
142,2,1,70,Damselfly,フェアリードラゴン,Damoisel,damselfly,1,2,1,1,5,2,1310,430,460,210,800,500,"These dragons  like to ensorcell travellers with their beautiful fairy wings. Not only bewitching to behold, their wings release a fine powder which puts their prey in a trance.",1,
143,6,2,370,Dancing Devil,びっくりサタン,Diable dansant,dancing-devil,1,3,1,3,3,3,1350,460,410,560,540,580,,,
451,5,4,323,Dancing Flame,フレイム,Brûleflamme,dancing-flame,2,3,3,3,3,2,1330,410,560,550,500,500,,,
387,3,4,170,Dangler Fish,エビルアングラー,Charpirana,dangler-fish,2,3,2,2,3,3,1320,410,540,490,510,620,,,
428,4,5,257,Dark Hare,ブラバニクイーン,Lièvrecorne noir,dark-hare,2,2,4,2,3,2,1300,330,710,360,570,450,,,
328,1,4,35,Dark King Slime,ダークキング,Roi vampigluant,dark-king-slime,2,3,3,2,3,4,1270,460,560,430,530,750,,,
431,4,6,262,Dark Sabrecat,シャドウパンサー,Smilodon noir,dark-sabrecat,3,1,4,2,4,1,1340,310,670,390,580,340,,,
144,4,3,231,Dark Sabrecub,シャドウベビー,Smilodon de lait noir,dark-sabrecub,2,1,3,2,4,2,1340,330,610,390,610,380,,,
145,1,3,27,Dark Slime,ダークスライム,Vampigluant,dark-slime,2,4,1,2,3,3,1340,590,400,420,530,670,,2,
146,7,3,449,Dead Resident,しのどれい,Zombinator,dead-resident,2,1,3,2,3,2,1380,320,600,410,530,390,,,
67,6,7,,Demon Family (A),,,demon-a,,,,,,,,,,,,,,,
60,6,10,,Demon Family (Any),,,demon-any,,,,,,,,,,,,,,,
66,6,6,,Demon Family (B),,,demon-b,,,,,,,,,,,,,,,
65,6,5,,Demon Family (C),,,demon-c,,,,,,,,,,,,,,,
64,6,4,,Demon Family (D),,,demon-d,,,,,,,,,,,,,,,
63,6,3,,Demon Family (E),,,demon-e,,,,,,,,,,,,,,,
62,6,2,,Demon Family (F),,,demon-f,,,,,,,,,,,,,,,
61,6,1,,Demon Family (G),,,demon-g,,,,,,,,,,,,,,,
68,6,8,,Demon Family (S),,,demon-s,,,,,,,,,,,,,,,
69,6,9,,Demon Family (X),,,demon-x,,,,,,,,,,,,,,,
527,7,6,489,Demon-at-arms,まおうのつかい,Shivattak,demon-at-arms,3,2,3,3,2,4,1320,370,600,480,410,750,,,
147,6,2,369,Dessert Demon,デザートデーモン,Démon du dessert,dessert-demon,2,1,2,2,2,2,1360,350,590,500,460,510,,,
587,8,8,510,Dhoulmagus,ドルマゲス,Dhoulmagus,dhoulmagus,3,3,3,3,3,4,1300,450,550,530,470,680,,,
342,1,6,52,Diamond Slime,クリスタルスライム,Gluant de diamant,diamond-slime,2,3,2,5,2,4,1300,500,500,740,380,700,,,
515,7,4,468,Discombombulator,ポムポムボム,Boumbone,discombombulator,2,3,3,2,2,3,1350,420,580,460,470,520,,2,
148,5,2,293,Disfigurine,とげジョボー,Défigurine,disfigurine,1,2,2,2,2,2,1340,370,600,470,510,480,,,
599,4,6,266,Don Mole,ドンモグーラ,Mister Taupe,don-mole,3,3,3,4,2,1,1360,460,590,610,440,330,,3,
528,7,6,490,Dora-in-Grey,メルトア,Chiaravaggia,dora-in-grey,2,3,3,4,2,4,1250,510,610,640,410,710,,,
297,6,3,383,Drackolyte,メイジドラキー,Vampivorace,drackolyte,2,3,2,2,3,3,1330,430,510,430,550,600,,2,
149,6,1,355,Dracky,ドラキー,Vampivol,dracky,1,2,1,2,5,2,1290,430,490,420,750,410,"These flapping pains in the neck only come out at night. They love nothing more than slurping up human blood, the fresher the better.",1,
484,6,5,400,Drackyma,ドラキーマ,Vampivolle,drackyma,2,3,2,3,3,4,1260,530,520,500,570,650,,,
151,2,2,79,Drag Racer,ダッシュラン,Ptéracorne,drag-racer,1,1,3,2,3,1,1330,340,620,480,610,300,,,
27,2,7,,Dragon Family (A),,,dragon-a,,,,,,,,,,,,,,,
20,2,10,,Dragon Family (Any),,,dragon-any,,,,,,,,,,,,,,,
26,2,6,,Dragon Family (B),,,dragon-b,,,,,,,,,,,,,,,
25,2,5,,Dragon Family (C),,,dragon-c,,,,,,,,,,,,,,,
24,2,4,,Dragon Family (D),,,dragon-d,,,,,,,,,,,,,,,
23,2,3,,Dragon Family (E),,,dragon-e,,,,,,,,,,,,,,,
22,2,2,,Dragon Family (F),,,dragon-f,,,,,,,,,,,,,,,
21,2,1,,Dragon Family (G),,,dragon-g,,,,,,,,,,,,,,,
28,2,8,,Dragon Family (S),,,dragon-s,,,,,,,,,,,,,,,
29,2,9,,Dragon Family (X),,,dragon-x,,,,,,,,,,,,,,,
358,2,4,96,Dragon Rider,ドラゴンライダー,Dragonier,dragon-rider,3,1,3,2,3,2,1370,310,570,470,530,440,,,
326,1,4,33,Dragon Slime,スライムブレス,Gluandragon,dragon-slime,3,3,2,2,3,2,1370,450,550,420,530,390,,,
150,2,1,65,Dragonthorn,いばらドラゴン,Dragronce,dragonthorn,1,1,2,3,2,1,1360,340,570,610,530,310,Cursed thickets of thorn tangled into draconic shape. Those entwine in their terrifying clutches have no hope of escape.,,
591,4,6,261,Draguar,ゲリュオン,Draguar,draguar,3,2,3,2,3,3,1320,340,620,460,540,500,,,
152,1,2,18,Drake Slime,ドラゴスライム,Gluancornu,drake-slime,2,3,2,2,3,1,1380,460,540,380,550,360,,,
589,2,6,109,Drakulard,ギガントドラゴン,Draculard,drakulard,3,1,3,4,2,1,1400,270,610,640,420,330,,,
313,2,3,83,Drakularge,ギガントヒルズ,Dracularge,drakularge,2,1,3,3,2,1,1390,290,630,620,450,270,,,
378,2,7,124,Dread Dragon,ダースドラゴン,Dragorange,dread-dragon,3,1,3,4,3,3,1350,280,560,570,470,590,,,
371,2,6,112,Dread Dragooner,ハデスナイト,Dragonier de l'enfer,dread-dragooner,2,2,3,2,4,3,1280,370,630,430,600,520,,,
153,7,1,435,Drohl Drone,ドロル,Mallusque,drohl-drone,1,2,2,2,3,2,1330,420,530,500,590,420,,,
524,7,6,483,Drooling Ghoul,スモールグール,Sméagoule,drooling-ghoul,2,3,3,2,3,4,1290,490,570,430,520,640,,,
606,7,5,475,Dullahan,デュラハーン,Décapitête,dullahan,2,2,2,3,2,4,1320,400,500,590,480,670,,,
154,5,1,279,Eggsoskeleton,からくりエッグ,Mécanœuf,eggsoskeleton,1,1,2,2,2,1,1370,360,570,520,510,380,,1,
351,1,7,61,Emperor Slime,スライムエンペラー,Sultant gluant,emperor-slime,4,3,3,3,2,3,1380,390,580,470,420,520,,,
437,4,7,273,Equinox,黒竜丸,Équinocte,equinox,3,3,4,3,4,2,1300,400,640,530,570,350,,,
155,5,2,297,Erazor Blade,ひとくいサーベル,Cimetueur,erazor-blade,1,2,2,2,3,2,1310,360,600,510,570,450,,,
156,5,3,308,Escudogre,シールドオーガ,Blindogre,escudogre,2,2,3,4,2,1,1330,380,610,720,450,360,,,
632,8,9,519,Estark,エスターク,Estark,estark,5,2,3,3,3,3,1400,290,520,480,470,550,,,
354,2,2,77,Ethereal Serpent,スカイドラゴン,Serpenlair,ethereal-serpent,1,1,2,2,2,2,1340,320,590,530,530,450,,1,
617,4,7,277,Evil Sir Leopold,魔犬レオパルド,Monsieur Léopold possédé,evil-sir-leopold,3,3,3,3,4,2,1310,440,590,530,580,350,,,
421,4,4,248,Ewwnicorn,ユニコーン,Cornefolle,ewwnicorn,3,4,1,2,3,4,1390,580,330,370,520,690,,2,
459,5,5,335,Face Invader,ルバンカ,Obstructueur,face-invader,2,3,1,2,3,4,1350,530,420,460,500,670,,3,
400,3,5,186,Fandangow,ダンスニードル,Cactak,fandangow,2,3,3,2,3,3,1310,430,580,410,560,540,,,
157,4,1,209,Fat Rat,おおねずみ,Gratatouille,fat-rat,1,1,2,2,2,2,1350,350,570,490,550,420,,,
159,1,2,11,Feral Slime,ジャングラー,Gluant à crinière,feral-slime,2,1,3,2,2,2,1390,270,690,380,430,450,,,
158,4,1,213,Feralball,ファーラット,Kotonfatal,feralball,2,3,1,1,1,3,1420,570,470,360,370,610,"This fluffball is covered in green fur from top to toe. Though easily spooked, those with sharp eyes might spot something funny where this beastie's nose should be before it scrapers.",1,
516,7,4,469,Fightgeist,メトロゴースト,Esprit tapeur,fightgeist,2,2,2,2,3,3,1360,340,520,360,540,640,,,
405,3,6,193,Firebird,ひくいどり,Aiglefeu,firebird,2,2,3,3,4,3,1310,340,560,490,610,490,,3,
160,7,1,437,Firespirit,メラゴースト,Feu follet,firespirit,1,3,1,2,2,3,1390,520,350,550,470,630,"No-one knows for certain how these monsters came to be. Some believe they were born of the fiery 'Frizz' spell, while others thing they are the soulds of those who died with a burning desire for revenge.",1,
449,5,4,320,Firn Fiend,ひょうがまじん,Glaglator,firn-fiend,2,2,3,3,2,3,1360,370,570,520,440,550,,2,
457,5,5,331,Flamethrower,ほのおのせんし,Tizon,flamethrower,2,3,2,2,3,3,1360,450,540,380,500,550,,,
364,2,5,103,Flapdragon,コアトル,Toutouïvre,flapdragon,2,1,3,2,4,1,1350,310,630,470,580,300,,3,
506,7,3,457,Float-o-Copier,マネマネ,Feutocopieur,float-o-copier,2,2,3,2,2,4,1330,360,590,360,500,680,,2,
546,8,8,517,Fluffy,わたぼう,Doudouleur,fluffy,4,4,3,2,4,2,1360,550,530,370,540,400,,4,
571,6,3,525,Flurry Fiend,フルーリーサタン,,flurry-fiend,1,1,2,3,3,3,1300,290,570,520,540,670,,2,
640,1,5,44,Flutter Slime,スライムフェアリー,Slurpillon jaune,flutter-slime,2,3,2,1,4,3,1320,500,510,330,610,550,,,
455,5,5,328,Flying Saucers,デスソーサー,Soucoupes volantes,flying-saucers,3,1,3,2,2,2,1390,280,620,400,480,460,,,
161,2,2,74,Flython,ウィングスネーク,Veninconda,flython,1,1,2,1,4,2,1350,310,510,318,722,450,,,
602,3,6,195,Foebergine,ブルベリーノ,Vénergine,foebergine,3,2,3,2,3,2,1390,390,560,440,480,430,,,
162,5,2,290,Foo Dog,あばれこまいぬ,Chienfernal,foo-dog,1,2,2,2,2,3,1350,400,570,441,489,550,"Hellish hounds employed in the underworld as ghastly guard dogs. Bloodthirsty to the bone, even fellow monsters give these mutts a wide berth.",1,
406,3,6,194,Fowl Beast,ブラッドオックス,Ptaurodactyle,fowl-beast,3,2,3,3,3,2,1330,380,630,520,490,440,,,
281,5,3,312,Freezing Fog,フロストギズモ,Brumulus,freezing-fog,2,2,2,2,3,4,1330,420,490,410,540,690,,,
106,1,1,10,Fright Bulb,マンドラ,Hypnobulbe,fright-bulb,1,3,2,2,2,2,1360,490,510,440,510,490,,,
522,7,5,478,Fright Knight,ナイトリッチ,Seigneur malheur,fright-knight,2,1,3,2,3,2,1350,300,630,470,510,450,,,
605,7,3,453,Frightful Conductor,デスマエストロ,Mortchestre,frightful-conductor,2,3,2,3,2,4,1320,480,460,520,510,680,,2,
311,7,3,454,Frolicker,ベロベロ,Salivard,frolicker,2,1,2,2,3,2,1360,320,580,430,550,450,,2,
441,5,3,307,Fromage Fey,ケミカルゼリー,Affromage fondu,fromage-fey,2,3,2,1,2,3,1370,530,530,350,450,580,,,
164,5,1,286,Fromage Fray,フォンデュ,Affromage frais,fromage-fray,1,3,2,2,2,3,1370,480,500,400,480,580,,1,
450,5,4,322,Frostburn,ブリザード,Brûlegel,frostburn,2,2,3,3,3,2,1350,390,580,500,520,410,,,
165,7,1,429,Funghoul,おばけキノコ,Champigoule,funghoul,1,2,2,2,2,2,1340,420,580,550,500,410,These great big gurning mushrooms spring up in their dozens in damp locales. They propagate by putting travellers to sleep and seeding them with their spores.,1,
585,8,8,512,Fuzzy,ぴぴぼう,Pilou,fuzzy,4,3,3,2,4,4,1330,460,540,310,520,690,,,
557,6,5,398,Gander,デスペクテル,Vudœil,gander,2,3,2,3,2,2,1340,530,540,500,490,450,,,
409,3,6,198,Gangleclaw,ロックちょう,Serrial-killer,gangleclaw,3,3,3,2,3,2,1340,400,600,430,540,430,,3,
580,4,4,241,Gargoyle,ガーゴイル,Gargouille,gargoyle,2,3,3,3,3,2,1340,420,580,510,520,410,,,
272,3,2,149,Garuda,ガルーダ,Faucondor,garuda,1,2,2,3,3,2,1270,430,590,560,580,490,,1,
355,2,3,88,Gasbagon,フーセンドラゴン,Butanosaure,gasbagon,2,1,3,3,2,2,1400,300,590,590,410,410,,,
349,1,7,59,Gem slime,ゴールデンスライム,Gluandor,gem-slime,1,5,2,5,5,5,280,750,430,1200,850,1030,,,
166,7,1,433,Ghost,ゴースト,Fantôme,ghost,1,4,1,1,3,3,1340,640,470,270,560,570,"Unfinished business in their previous lives prevents these poltergeists from ever being at peace. They're always trying to inflict to a fright one way or another, just for the attention.",,
491,6,6,409,Gigantes,ギガンテス,Géant,gigantes,3,1,3,4,2,1,1400,270,630,630,430,280,,,
563,4,4,243,Giruffian,ジラフマスター,Scélérafe,giruffian,2,2,3,3,2,3,1350,340,580,510,440,610,,2,
626,4,5,258,Gnumesis,まかいじゅう,Gnoumésis,gnumesis,3,2,3,3,2,1,1390,340,620,560,460,280,,,
610,4,7,275,Gnuriel,デスゴーゴン,Gnoucifer,gnuriel,3,1,3,4,3,2,1360,280,610,640,460,400,,,
464,5,6,340,Golem,ゴーレム,Golem,golem,3,1,3,5,2,2,1370,280,630,690,400,390,,,
486,6,5,403,Goobonce,ブルーイーター,Casse-caboche,ice-breaker,2,2,3,2,4,2,1300,330,660,430,580,460,,,
282,5,3,303,Goodybag,おどるほうせき,Sacatrésor,goodybag,1,3,2,3,3,3,1290,490,470,620,530,630,,,
347,1,6,57,Goomulonimbus,ふうらいスライム,Glumulonimbus,goomulonimbus,3,3,3,1,4,2,1340,430,590,260,610,450,,,
167,1,1,2,Goonache Goodie,スライムコロネ,Gluanduja,goonache-goodie,1,2,2,2,2,2,1390,450,560,420,420,510,,,
353,1,8,63,Grandpa Slime,グランスライム,Gluancien,grandpa-slime,3,3,3,5,3,5,1270,450,500,630,480,780,,,
568,5,5,326,Graven Idol,王のはかもり,Reliqtus,graven-idol,2,3,2,4,2,4,1310,500,460,630,450,710,,,
357,2,4,92,Great Argon Lizard,アルゴングレート,Grand lézard argon,great-argon-lizard,3,2,3,4,2,1,1390,350,650,600,420,250,,,
369,2,6,110,Great Dragon,グレイトドラゴン,Super dragon,great-dragon,3,1,3,3,2,2,1390,270,620,570,450,360,,,
611,5,7,349,Great Keeper,てんのもんばん,Mastodoré,great-keeper,4,2,3,5,2,1,1440,330,550,680,380,270,,4,
552,4,4,242,Great Sabercat,キラーパンサー,Smilodon,great-sabercat,2,1,3,2,4,2,1340,300,640,440,580,360,,,
168,4,1,214,Great Sabrecub,ベビーパンサー,Smilodon de lait,great-sabrecub,1,1,2,2,2,1,1390,290,590,540,530,270,,,
312,4,8,278,Greater Platypink,ももいろキング,Grornithox rose,greater-platypink,5,3,3,4,2,2,1420,410,520,570,380,440,,,
427,4,5,256,Greater Platypunk,ビッグももんじゃ,Grornithox,greater-platypunk,3,1,2,4,2,1,1460,310,520,660,380,290,,,
590,7,6,488,Green Bogey,キラーシャドー,Verctoplasme,green-bogey,2,4,3,2,3,4,1280,560,580,430,500,630,,,
321,2,3,87,Green Dragon,ドラゴン,Dragon vert,green-dragon,2,1,3,3,2,2,1340,280,630,540,510,440,,,
169,6,1,353,Gremlin,グレムリン,Gremlin,gremlin,1,4,1,1,2,3,1360,650,450,270,500,640,,1,
380,2,8,128,Greygnarl,グレイナル,Grizius,greygnarl,4,1,3,3,3,3,1360,280,570,470,500,570,,,
569,3,5,180,Grillerpillar,かえんムカデ,Charbombyx,grillerpillar,3,2,2,3,2,2,1400,330,530,550,460,440,,,
480,6,5,395,Grim Keeper,じごくのもんばん,Grand faucheur,grim-keeper,2,2,3,2,3,2,1320,390,590,480,560,450,,3,
513,7,4,466,Grim Rider,ボーンナイト,Cavalier fantôme,grim-rider,2,2,3,2,3,2,1360,350,570,450,560,400,,,
619,7,5,480,Grincinerator,黄泉のほのお,Vert follet,grincinerator,3,2,1,3,3,2,1400,400,420,590,530,410,,,
310,7,3,448,Grinferno,きつねび,Bleu follet,grinferno,2,2,2,3,3,2,1380,390,460,560,530,450,,2,
412,3,7,202,Gripevine,ローズバトラー,Dangerose,gripevine,4,3,3,4,1,4,1400,420,540,610,250,690,,,
526,7,6,486,Grotwyrm,ドラゴンコープス,Décomposaure,grotwyrm,3,2,3,2,2,3,1380,370,570,440,470,490,,,
494,6,6,413,Grrrgoyle,ホラービースト,Grrrgouille,grrrgoyle,3,2,2,2,3,2,1390,380,520,380,550,440,,,
470,6,4,384,Gryphon,サイレス,Griffon,gryphon,2,3,3,2,2,2,1350,470,600,490,460,420,,2,
170,4,2,220,Guaardvark,スカルガルー,Kangouffre,guaardvark,2,3,3,1,2,2,1360,450,630,360,450,490,,,
372,2,6,113,Hacksaurus,バトルレックス,Hachosaure,hacksaurus,3,1,4,3,3,2,1320,300,680,480,550,380,,,
395,3,4,178,Hades Condor,ヘルコンドル,Condor Infernal,hades-condor,3,2,2,2,2,1,1410,400,550,470,480,330,,,
280,4,3,233,Ham Shamwitch,トンブレロ,Groin mage,ham-shamwitch,2,3,1,2,2,3,1390,560,440,460,435,570,,,
171,4,1,208,Hammerhood,おおきづち,Marteleur,hammerhood,1,1,3,2,2,1,1390,310,660,520,440,310,,,
462,5,6,338,Hard-Boiled Eggsoskeleton,グレイトボンバー,Mécanœuf dur,hard-boiled-eggsoskeleton,3,2,3,4,2,2,1410,340,560,590,430,350,,,
542,8,8,511,Hargon,ハーゴン,Kaos,hargon,4,4,2,3,3,4,1390,490,440,480,440,690,,,
316,5,3,309,Harmour,デビルアーマー,Hauberserker,harmour,2,1,3,4,2,2,1360,290,610,690,420,420,,,
172,4,2,224,Hawk Man,ホークマン,Gerfaut,hawk-man,1,2,3,2,3,2,1310,420,630,430,560,430,,,
562,7,6,485,Headless Horseman,デュラハンナイト,Décapiteur,headless-horseman,3,2,3,4,3,2,1320,330,580,620,530,450,,3,
104,1,1,8,Healslime,ホイミスライム,Médigluant,healslime,1,3,1,2,3,3,1320,600,350,410,630,650,These soft-centred slimes simply cannot stand by when they spy someone in need. Word has it there's one in particular who travels far and wide in pursuit of his dreams of becoming human.,,
367,2,5,108,Heligator,ワニバーン,Aligatueur,heligator,3,2,3,4,2,1,1400,330,610,640,410,290,,,
529,7,7,493,Hell Gladiator,ヘルクラッシャー,Gladiateur infernal,hell-gladiator,3,3,3,2,3,3,1310,440,600,390,520,590,,,
174,5,3,311,Hell Niño,ヒートギズモ,Cramulus,hell-nino,2,2,2,2,3,3,1310,420,520,430,570,630,,2,
517,7,5,471,Hellbound Hair-Raiser,サンダーシャウト,Ligotonnerre,hellbound-hair-raiser,3,1,2,3,2,3,1380,300,520,560,460,560,,,
173,7,2,446,Hellbound Horror,やみしばり,Ligoterreur,hellbound-horror,1,3,2,2,2,3,1320,440,550,430,520,610,,,
422,4,5,251,Hellion,アームライオン,Trublion,hellion,3,2,3,3,2,2,1390,340,570,530,440,450,,,
550,7,6,487,Hellspawn,フェイスボール,Rejeton de l'enfer,hellspawn,2,3,1,5,3,4,1290,480,420,690,540,650,,,
489,6,6,406,Hocus-Poker,アークマージ,Manipulatueur,hocus-poker,3,3,2,2,3,4,1350,420,470,450,510,670,,3,
175,6,2,366,Hood,ごろつき,Bourreau,hood,2,1,2,2,2,1,1400,330,580,510,500,300,,,
176,6,3,377,Hooper Trooper,サタンフーラー,Déhanchard,hooper-trooper,2,3,2,2,2,3,1340,490,530,410,460,660,,,
177,5,2,291,Horriflying Saucers,おばけプレート,Soucoupes affolantes,horriflying-saucers,2,1,3,2,2,2,1410,260,630,380,470,420,,,
178,5,2,300,Hunter Mech,メタルハンター,Mécachasseur,hunter-mech,1,1,3,3,2,1,1330,300,680,540,510,360,,,
603,6,6,414,Hyperanemon,ライオネック,Hyperanémox,hyperanemon,3,3,2,2,3,3,1340,470,520,390,520,600,,3,
423,4,5,252,Hyperboarean,アバランチャー,Frappochère,hyperboarean,3,2,3,3,2,1,1390,330,610,530,480,300,,3,
471,6,4,385,Hypothermion,シャドーサタン,Hypothermiox,hypothermion,2,3,2,2,3,3,1320,430,530,470,540,580,,2,
179,6,2,371,Imp,ベビーサタン,Diablotin,imp,1,1,2,2,3,3,1300,290,570,520,540,670,,,
608,2,7,122,Infernal Serpent,サラマンダー,Serpenfer,infernal-serpent,4,2,4,2,2,2,1410,350,630,420,390,450,,,
286,7,3,458,Iron Maiden,メイデンドール,Poupiège,iron-maiden,1,3,2,4,2,3,1280,460,550,690,470,590,,,
374,2,6,117,Iron Tortoise,ランドアーマー,Tortueféroce,iron-tortoise,3,2,3,5,2,2,1370,320,590,690,380,470,,3,
180,4,3,237,Jailcat,プリズニャン,Chagriffeur,jailcat,2,1,2,3,3,3,1320,310,580,530,530,560,,2,
181,2,2,80,Jargon,デンデン竜,Saint-berneur,jargon,2,1,3,3,2,1,1390,280,650,590,430,310,,,
543,8,8,513,Jasper Unbound,魔軍司令ホメロス,Jasper déchaîné,jasper-unbound,4,3,3,3,3,4,1330,470,510,530,460,640,,4,
334,1,5,42,Jester Slime,スライムジョーカー,Slurpitre,jester-slime,2,4,1,2,3,4,1300,660,400,410,570,690,,,
288,6,3,381,Jinkster,ひとつめピエロ,Fée lée,jinkster,2,3,2,1,3,3,1330,560,490,350,530,630,,2,
429,4,5,259,Jowler,マムー,Crinocéphale,jowler,3,1,3,3,2,1,1410,300,620,540,440,300,,,
492,6,6,410,Jugular joker,キラージャック,Grobouffon,jugular-joker,3,2,3,3,4,2,1330,350,580,510,590,380,,,
182,4,3,229,Jumping Jackal,かくとうパンサー,Carnigore,jumping-jackal,2,1,3,2,3,1,1350,310,630,440,590,310,,2,
183,3,1,144,Khalamari Kid,プチアーノン,Khalamarmot,khalamari-kid,1,3,2,2,2,2,1400,520,520,460,400,480,"These squid-like squirts are baby khalamari. Though small in stature, they're as tough as any full-grown sea-dweller.",1,
184,2,1,72,Killer Gila,ポイズンリザード,Batratueur,killer-gila,1,2,2,2,2,2,1370,430,610,430,420,500,,,
185,3,1,138,Killerpillar,キャタピラー,Furibombyx,killerpillar,1,2,2,2,2,2,1320,400,590,550,500,490,"Though these creepy-crawlies might look like larvae, they are in fact fully grown. They keep themselves warm in cold weather by rolling up into snug little balls.",,
442,5,4,313,Killing Machine,キラーマシン,Machine à tuer,killing-machine,1,2,4,4,3,2,1240,350,690,660,540,470,,,
330,1,4,38,King Bubble Slime,バブルキング,Roi gluanbulle,king-bubble-slime,3,3,2,3,1,3,1450,480,470,500,270,640,,,
344,1,6,54,King Cureslime,スライムベホマズン,Roi guérigluant,king-cureslime,3,3,1,3,2,4,1410,490,350,570,420,660,,,
555,5,6,346,King Foo Dog,ヘルシーサー,Chienfernal enragé,king-foo-dog,3,3,3,2,2,3,1350,400,600,450,460,530,,,
564,2,7,120,King Hydra,キングヒドラ,Reine hydre,king-hydra,4,1,2,3,3,2,1420,290,520,530,500,360,,4,
340,1,6,50,King Jester Slime,キングジョーカー,Roi Slurpitre,king-jester-slime,2,3,2,2,4,4,1270,510,530,430,570,680,,,
186,7,2,447,King Kelp,わかめ王子,Royalgue,king-kelp,1,3,2,2,2,3,1260,540,580,520,500,640,,,
345,1,6,55,King Slick Slime,タールキング,Roi gluant de poix,king-slick-slime,4,2,2,2,2,3,1430,370,470,460,400,610,,,
324,1,4,31,King Slime,キングスライム,Roi gluant,king-slime,3,2,2,3,2,3,1410,350,490,550,370,640,,,
399,3,5,184,King Squid,だいおうイカ,Calamaroi,king-squid,3,1,3,2,2,1,1420,300,610,460,490,260,,,
474,6,4,388,Kisser,ブチュチュンパ,Lèchebave,kisser,3,3,2,2,3,4,1370,410,440,380,510,730,,,
499,6,7,420,Knight Abhorrent,しにがみのきし,Chevalier atterrant,knight-abhorrent,4,1,3,4,3,2,1370,280,580,640,480,380,,,
478,6,4,392,Knight Errant,よろいのきし,Chevalier errant,knight-errant,2,2,2,4,2,3,1360,350,520,600,470,530,,,
187,2,1,66,Komodo,コドラ,Komodor,komodo,1,1,3,2,3,1,1360,310,640,480,560,270,"Nippy little dragons who have learned to stand on their highly-developed hind legs. At full pelt, they can outpace a racehorse, but haven't yet mastered the subtle art of slowing down.",1,
535,8,7,499,Krystalinda,リーズレット,Krystalinda,krystalinda,3,4,2,2,3,5,1280,560,490,450,510,770,,4,
188,5,1,288,Lampling,ランタンこぞう,Lampiste,lampling,1,3,2,3,2,2,1360,460,520,590,430,510,These sparky spirits inhabit lanterns that have been discarded by their owners. They like to terrify unfortunate adventurers who tramp their terrain at night.,1,
189,3,2,156,Leafy Larrikin,もみじこぞう,Foufolia,leafy-larrikin,1,4,2,1,3,1,1350,660,520,330,560,350,,,
190,6,1,354,Leery Lout,シールドこぞう,Bouclieux,leery-lout,1,1,2,3,2,2,1350,340,550,670,450,490,"These shy scoundrels dish out damage from behind their smirking shields, which are precious family heirlooms, passed down from father to son.",1,
363,2,5,102,Liege Lizard,キングリザード,Lézard suzerain,liege-lizard,3,1,4,1,3,1,1410,280,680,280,510,320,,,
498,6,7,419,Lieutenant Goreham-Hogg,ゴレオン将軍,Général Mac Assin,lieutenant-goreham-hogg,4,1,4,3,2,2,1400,280,660,550,410,330,,,
496,6,7,417,Lieutenant Goresby-Purrvis,ギュメイ将軍,Général Mac Léo,lieutenant-goresby-purrvis,3,3,4,2,4,2,1280,380,710,360,580,460,,4,
497,6,7,418,Lieutenant Hootingham-Gore,ゲルニック将軍,Général Mac Hulotte,lieutenant-hootingham-gore,3,3,1,3,4,4,1320,490,390,530,560,700,,,
191,6,1,361,Lips,リップス,Bisebave,lips,2,4,1,2,1,1,1420,630,490,510,370,360,"Who could resist that king-sized kisser? Protective of their prime assets, you won't catch one of these full-lipped fiends without their trusty lip balm.",1,
338,1,5,47,Liquid Metal Slime,はぐれメタル,Gluant de mercure,liquid-metal-slime,1,4,2,5,5,4,277,560,550,1200,1000,720,,3,
453,5,5,325,Living Statue,うごくせきぞう,Statue vivante,living-statue,3,1,3,4,2,2,1370,290,580,680,420,450,,,
628,2,9,134,Lord of the Dragovians,竜神王,Seigneur des dragoviens,lord-of-the-dragovians,5,2,4,5,3,2,1340,280,630,650,480,390,,,
479,6,4,393,Low Djinks,ランプのまじん,Cumulogénie,low-djinks,3,2,3,1,2,2,1390,360,610,340,460,500,,,
192,2,3,89,Lumbering Lizard,フォレストドラゴ,Sylvosaure,lumbering-lizard,2,1,2,3,2,2,1410,310,570,610,385,430,,,
440,5,3,306,Luminous Lampling,クリオネオン,Flammage,luminous-lampling,2,3,2,4,2,3,1320,430,520,630,450,620,,2,
283,6,3,375,Lump Shaman,きめんどうし,Magimol,lump-shaman,2,3,2,2,2,4,1350,490,470,460,460,690,,,
193,6,1,356,Lump Wizard,ドルイド,Sorcimol,lump-wizard,1,3,1,3,2,3,1320,490,410,590,520,680,,,
194,6,1,359,Lunatick,メーダ,Luna-tique,lunatick,1,2,2,1,2,3,1390,440,530,350,460,570,"These curious monsters' enormous eyeballs afford them excellent vision, even in absolute darkness. Once they set their sights on their prey, they will not give up until they wrap their tentacles around it.",1,
430,4,5,260,Luneyetic,ムーンフェイス,Endœil,luneyetic,3,1,1,3,3,3,1390,300,420,590,500,610,,3,
613,4,7,276,Macho Picchu,ネンガル,Macho piccu,macho-picchu,3,2,5,2,3,2,1350,320,740,330,500,370,,,
195,3,1,141,Mad Mollusk,テールイーター,Dingopode,mad-mollusk,1,3,2,1,2,2,1400,530,580,360,410,430,"These monsters have two mouths, one at each end. The one at the front is a strict vegetarian, while the one on the tail is meat mad.",1,
452,5,4,324,Magmalice,ようがんまじん,Magmasse,magmalice,2,2,3,3,2,3,1350,370,580,530,450,540,,,
536,8,8,503,Malroth,シドー,Malroth,malroth,3,3,3,3,2,5,1300,470,560,500,410,790,,,
299,2,3,90,Mandrake Major,リザードマン,Caporal mandragor,mandrake-major,2,1,2,2,2,3,1350,330,570,510,470,580,,,
370,2,6,111,Mandrake Marshal,シュプリンガー,Général mandragor,mandrake-marshal,3,2,3,3,3,2,1340,390,580,530,490,480,,,
391,3,4,174,Mangleclaw,スノーグリフォン,Serratoès,mangleclaw,2,4,2,1,4,3,1320,560,520,270,580,590,,,
425,4,5,254,Maniacal Mole,キラーピッケル,Taupe-toc,maniacal-mole,2,1,3,3,4,1,1360,300,590,500,580,320,,,
635,4,7,272,Marquis De Leon,キングレオ,Lord Lionel,marquis-de-leon,3,2,2,4,2,4,1360,320,520,560,450,640,,4,Only available in the post-game.
622,7,5,479,Marrow Escapee,ボーンプリズナー,Désosseur,marrow-escapee,3,1,3,2,2,2,1420,300,600,470,420,410,,,
57,5,7,,Material Family (A),,,material-a,,,,,,,,,,,,,,,
50,5,10,,Material Family (Any),,,material-any,,,,,,,,,,,,,,,
56,5,6,,Material Family (B),,,material-b,,,,,,,,,,,,,,,
55,5,5,,Material Family (C),,,material-c,,,,,,,,,,,,,,,
54,5,4,,Material Family (D),,,material-d,,,,,,,,,,,,,,,
53,5,3,,Material Family (E),,,material-e,,,,,,,,,,,,,,,
52,5,2,,Material Family (F),,,material-f,,,,,,,,,,,,,,,
51,5,1,,Material Family (G),,,material-g,,,,,,,,,,,,,,,
58,5,8,,Material Family (S),,,material-s,,,,,,,,,,,,,,,
59,5,9,,Material Family (X),,,material-x,,,,,,,,,,,,,,,
196,5,1,287,Mecha-Mynah,メタッピー,Rouage-gorge,mecha-mynah,1,3,1,4,2,1,1390,490,470,730,410,360,,1,
554,2,7,126,Mechan-o'-Wyrm,メカバーン,Mécadragon,mechan-o-wyrm,4,1,3,5,2,2,1390,290,580,690,390,420,,,
197,4,3,234,Meowgician,ねこまどう,Miaougicien,meowgician,2,3,1,2,3,3,1410,490,350,390,520,640,,,
198,6,2,372,Merman,マーマン,Sirénien,merman,1,2,2,3,2,2,1340,360,570,600,520,400,,,
360,2,4,98,Metal Dragon,メタルドラゴン,Dragon de métal,metal-dragon,2,2,3,4,2,2,1350,370,560,640,450,470,,,
348,1,6,58,Metal King Slime,メタルキング,Roi gluant de métal,metal-king-slime,1,3,1,5,5,2,297,510,380,1200,1200,470,,,
411,3,7,201,Metal Scorpion,メタルスコーピオン,Scorpion d'assaut,metal-scorpion,3,1,3,5,4,2,1290,300,610,680,540,460,,,
323,1,3,29,Metal Slime,メタルスライム,Gluant de métal,metal-slime,1,4,3,5,5,3,247,660,610,1200,1110,640,,,
339,1,5,49,Metal Slime Knight,メタルライダー,Monte-gluant de métal,metal-slime-knight,2,1,3,4,3,2,1350,300,590,620,500,400,,,
302,5,5,333,Mimic,ミミック,Imitapeur,mimic,2,2,3,3,3,2,1310,360,610,590,520,450,,,
548,5,4,526,Mimic with Cheese,バーガーミミック,,mimic-with-cheese,2,2,3,3,3,2,1310,360,610,590,520,450,,2,
477,6,4,391,Minidemon,ミニデーモン,Mini démon,minidemon,2,3,2,2,3,4,1300,490,480,470,550,680,,,
199,4,1,206,Mischievous Mole,いたずらもぐら,Pataupe,mischievous-mole,1,1,3,3,2,2,1330,300,630,580,520,400,"These tunnelling tykes traditionally loved to play pranks, but these days tend to keep their heads down and focus on digging.",1,
553,4,4,240,Missing Lynx,ウイングタイガー,Ailéopard,missing-lynx,2,1,2,3,3,2,1360,290,550,510,570,420,,2,
200,3,2,153,Mitey Oak,どんぐりベビー,Chênapan,mitey-oak,2,3,2,2,1,2,1410,440,590,530,350,410,,,
551,4,6,263,Mogus,ダークペルシャ,Chacromancien,mogus,2,3,2,3,3,4,1290,520,500,510,510,690,,,
434,4,6,269,Mohawker,モヒカント,Sangliogre,mohawker,3,1,3,3,3,2,1390,300,560,500,500,420,,3,
201,7,2,443,Monolog,ふゆうじゅ,Embûcheur,monolog,2,2,2,1,2,2,1440,430,580,340,390,430,,,
549,6,5,394,Moosifer,アンクルホーン,Belzébik,moosifer,3,2,2,2,2,3,1390,330,540,490,420,600,,,
539,8,8,506,"Mordegon, Lord of Shadows",大魔王ウルノーガ,Mortégor le seigneur des Ombres,mordegon-lord-of-shadows,4,3,5,2,2,3,1330,380,720,420,420,500,,,
284,7,3,456,Morphean Mushroom,マタンゴ,Champitox,morphean-mushroom,2,3,2,2,2,2,1360,530,500,510,470,480,,,
541,8,8,508,Mortamor,デスタムーア,Mortamor,mortamor,3,4,3,3,4,5,1230,500,580,500,530,760,,,
388,3,4,171,Mortoad,ガマキャノン,Crapouillot,mortoad,2,3,2,3,3,2,1330,460,550,530,500,490,,2,
641,1,5,48,Mottle She-Slime,ぶちスライムベス,Gluante mouchetée,mottle-she-slime,3,3,1,1,4,1,1460,460,410,270,600,310,,,
202,1,2,19,Mottle Slime,ぶちスライム,Gluant moucheté,mottle-slime,2,3,1,2,2,1,1420,460,460,450,510,370,,,
275,1,3,28,Mouldy Slime,ぬかどこスライム,Gluant moisi,mouldy-slime,2,3,2,2,2,2,1390,490,520,470,410,520,,,
203,4,1,215,Mouseflap,みみとびねずみ,Chauve-sourat,mouseflap,1,1,2,1,3,2,1360,360,590,370,570,410,,1,
205,5,1,285,Mud Mannequin,どろにんぎょう,Pantin de boue,mud-mannequin,1,3,2,2,2,1,1370,460,610,520,480,260,,,
204,7,2,444,Muddy Hand,マドハンド,Main de boue,muddy-hand,2,3,2,2,2,1,1420,550,540,400,410,370,,,
206,5,2,296,Mudraker,ドロヌーバ,Fangeux,mudraker,2,3,2,2,1,2,1370,530,600,530,310,540,,,
207,7,2,445,Mummy Boy,ミイラおとこ,Momignon,mummy-boy,2,2,2,3,2,1,1380,420,580,560,450,340,,,
544,8,8,515,Murdaw,ムドー,Meurtor,murdaw,4,3,2,3,3,4,1350,410,470,460,510,670,,,
208,4,2,226,Napir,ゆめにゅうどう,Taiepir,napir,2,3,1,2,2,3,1390,460,460,400,480,600,,,
209,2,1,64,Nardragon,いっかく竜,Dracorne,nardragon,1,1,3,2,2,1,1410,280,640,530,450,270,,,
37,3,7,,Nature Family (A),,,nature-a,,,,,,,,,,,,,,,
30,3,10,,Nature Family (Any),,,nature-any,,,,,,,,,,,,,,,
36,3,6,,Nature Family (B),,,nature-b,,,,,,,,,,,,,,,
35,3,5,,Nature Family (C),,,nature-c,,,,,,,,,,,,,,,
34,3,4,,Nature Family (D),,,nature-d,,,,,,,,,,,,,,,
33,3,3,,Nature Family (E),,,nature-e,,,,,,,,,,,,,,,
32,3,2,,Nature Family (F),,,nature-f,,,,,,,,,,,,,,,
31,3,1,,Nature Family (G),,,nature-g,,,,,,,,,,,,,,,
38,3,8,,Nature Family (S),,,nature-s,,,,,,,,,,,,,,,
39,3,9,,Nature Family (X),,,nature-x,,,,,,,,,,,,,,,
597,5,6,344,Ne'er-Do-Well,デスホール,Puissanfond,neer-do-well,3,2,2,2,2,3,1410,330,510,470,440,560,,,
545,8,8,516,Nelgel the Netherfiend,冥獣王ネルゲル,Infernal Nelgel,nelgel-the-netherfiend,3,1,4,4,3,4,1260,280,680,570,510,630,,,
588,6,6,408,Night Clubber,おにこんぼう,Bastonnier,night-clubber,3,1,4,4,2,1,1370,280,700,630,430,250,,,
574,4,4,249,Night Emperor,よるのていおう,Empreur nocturne,night-emperor,2,3,3,3,2,2,1360,430,580,510,430,500,,2,
612,7,7,492,Night Knight,ナイトキング,Seigneur terreur,night-knight,3,2,3,4,2,3,1330,350,600,560,440,590,,,
510,7,4,462,Night Sneaker,ナイトウォーカー,Bottœil nocturne,night-sneaker,2,2,2,2,4,4,1320,390,490,350,620,660,,,
586,8,8,514,Nimzo,ミルドラース,Nimzo,nimzo,4,2,3,3,3,4,1330,350,580,510,460,640,,,
366,2,5,106,Noble Gasbagon,バルンバ,Gazosaure,noble-gasbagon,3,1,3,3,2,1,1390,290,640,540,440,350,,3,
636,8,9,522,Nokturnus,ダークドレアム,Nokturnus,nokturnus,5,2,5,2,3,3,1340,290,740,370,480,440,,,
426,4,5,255,Notso Macho,ダンビラムーチョ,Meno macho,notso-macho,3,1,4,3,2,1,1380,300,670,530,460,290,,,
210,3,3,161,Octopot,タコメット,Poulpe à calotte,octopot,2,3,2,4,1,3,1370,440,520,660,320,640,,,
211,3,2,150,Odd Cob,キラーコーン,Déspirado,odd-cob,1,3,3,2,3,2,1280,550,610,380,610,410,,1,
294,6,3,374,Ogre,オーガー,Bouledogre,ogre,2,2,3,2,2,2,1370,360,670,390,460,410,,2,
525,7,6,484,One-Man Army,ソードイド,Squelétripe,one-man-army,3,2,3,2,4,2,1350,340,630,430,560,350,,,
212,1,2,17,Onion Slime,たまねぎスライム,Gluant bulbe,onion-slime,2,2,2,2,3,1,1390,430,510,530,570,220,,,
213,4,2,218,Orc,オーク,Orque,orc,1,2,2,2,2,2,1340,360,600,477,493,520,,,
424,4,5,253,Orc King,オークキング,Roi orque,orc-king,3,2,3,2,2,3,1400,330,580,410,435,530,,,
642,8,8,501,Orgodemir,オルゴデミーラ,Orgodémir,orgodemir,3,3,3,4,3,5,1240,470,560,540,490,830,,,
214,3,1,137,Ornery Onion,オニオーン,Vilpoireau,ornery-onion,1,4,1,2,1,3,1390,620,470,460,330,660,,,
559,2,6,116,Orochi,やまたのおろち,Hydragon,orochi,4,1,3,2,2,4,1420,310,550,400,390,630,,,
467,5,7,347,Overkilling Machine,キラーマシン2,Mékanotoké,overkilling-machine,3,2,4,4,4,2,1280,370,670,560,580,350,,,
604,3,5,185,Overtoad,だいおうガマ,Massacrapaud,overtoad,2,2,3,2,3,2,1360,360,580,450,510,470,,,
392,3,4,175,Palooka Prawn,ダンジョンえび,Gambastonneur,palooka-prawn,3,3,3,4,2,1,1400,420,590,640,390,280,,,
215,4,1,210,Pan Piper,コサックシープ,Bélicorne,pan-piper,1,1,2,2,2,3,1360,320,550,550,460,570,,,
615,5,7,350,Pandora's Box,パンドラボックス,Boîte de pandore,pandoras-box,4,2,2,4,4,1,1420,340,430,610,560,290,,4,
445,5,4,316,Paralyslicer,しびれだんびら,Paralysabre,paralyslicer,2,1,3,3,2,3,1350,320,590,520,470,540,,,
318,3,3,162,Parched Peckerel,デザートランナー,Accélhéron,parched-peckerel,2,2,2,3,3,2,1370,340,500,530,550,450,,,
333,1,5,41,Pasty Pastry,コロネホワイト,Gluenroulé,pasty-pastry,3,3,2,2,2,3,1390,450,510,400,420,630,,3,
501,6,7,422,Pazuzu,バズズ,Pazuzu,pazuzu,3,2,2,4,3,4,1340,350,510,560,490,630,,,
287,6,3,379,Peeper,スペクテット,Matœil,peeper,0,0,0,0,0,0,1390,360,660,470,400,390,,,
315,7,3,455,Phantom Fencer,ぼうれい剣士,Escrimeur fantôme,phantom-fencer,2,2,3,1,3,2,1350,370,600,350,560,460,,,
519,7,5,474,Phantom Swordsman,ソードファントム,Épéiste fantôme,phantom-swordsman,2,3,3,2,3,2,1300,440,600,480,560,460,,3,
410,3,7,200,Phoenix,ほうおう,Phénix,phoenix,3,3,2,2,5,3,1320,450,470,370,630,600,,4,
216,6,2,363,Pickayune,おにこぞう,Démonius,pickayune,1,2,2,2,2,2,1330,410,590,520,490,490,,,
217,6,1,357,Picksy,ピクシー,Chérubus,picksy,1,1,2,2,2,1,1380,330,590,430,530,380,,,
218,4,1,216,Platypunk,ももんじゃ,Ornithox,platypunk,1,2,2,3,2,1,1340,380,610,600,490,360,,,
219,5,2,299,Pocus Poppet,ミステリドール,Talismaboule,pocus-poppet,1,3,2,2,2,3,1320,500,500,530,490,610,,,
220,3,2,152,Pogoin' Penguin,タップペンギー,Galopingouin,pogoin-penguin,1,1,2,3,3,2,1330,300,550,550,580,470,,,
221,4,2,217,Powie Yowie,イエティ,Yéti yétu,powie-yowie,1,1,3,2,2,2,1340,300,630,529,511,430,,,
298,5,3,302,Prancing Pillar,エンタシスマン,Pilier de bal,prancing-pillar,2,2,2,3,2,2,1380,360,540,560,450,480,,,
413,3,8,203,Prism peacock,にじくじゃく,Dark-en-ciel,prism-peacock,4,4,3,2,3,2,1370,500,590,410,490,350,,,
565,6,7,416,Pruslas,ギガデーモン,Pruslas,pruslas,4,2,3,4,2,2,1420,310,590,590,370,400,,,
633,8,8,509,Psaro the Manslayer,デスピサロ,Psaro l'Exterminateur,psaro-the-manslayer,4,2,4,4,3,2,1320,300,640,590,510,430,,,
473,6,4,387,Psaro's Pawn,ピサロのてさき,Sbire de Psaro,psaros-pawn,2,4,2,3,2,3,1310,550,520,550,460,600,,2,
222,2,1,71,Pteranodon,プテラノドン,Ptéranodon,pteranodon,1,1,2,1,3,1,1360,340,580,350,610,390,,,
305,3,3,157,Puffpoise,イルカちょうちん,Globi,puffpoise,2,1,2,3,2,2,1410,280,480,600,460,500,,2,
436,4,7,271,Purrgatroyd,キャットリベリオ,Charambol,purrgatroyd,2,3,4,2,5,3,1240,420,650,430,660,470,,,
223,7,1,428,Putrefido,アニマルゾンビ,Zombeagle,putrefido,1,3,2,2,2,1,1380,500,620,400,470,300,"These cadaverous canines originally died of exhaustion before being brought back to life by the powers of darkness, though any smarts they had are long gone.",1,
341,1,6,51,Queen Slime,クイーンスライム,Reine gluante,queen-slime,3,5,1,2,2,5,1360,650,390,350,440,800,,,
500,6,7,421,Rabid Rector,スカイシーカー,Vicaire délétère,rabid-rector,3,5,1,1,3,5,1340,700,360,310,520,770,,,
629,8,9,523,Ramia,ラーミア,Ramia,ramia,5,2,3,2,5,4,1360,320,520,560,450,640,,,
224,2,2,78,Raptile,スマイルリザード,Zenzard,raptile,2,1,1,1,3,1,1430,330,460,350,620,340,,,
561,2,7,118,Rashaverak,アンドレアル,Rashaverak,rashaverak,3,2,3,3,3,3,1330,350,590,510,510,520,,4,
225,4,3,228,Ratatattack,エビルハムスター,Ratattaque,ratatattack,2,2,3,2,3,2,1340,350,600,450,560,420,,,
538,8,8,505,Razerburn,守護者ラズバーン,Razban,razerburn,3,2,5,4,3,4,1260,290,690,570,510,600,,,
226,7,2,440,Restless Armour,さまようよろい,Armure errante,restless-armour,1,2,2,4,2,2,1330,360,580,690,470,430,,1,
618,8,8,500,Rhapthorne,暗黒神ラプソーン,Rhaphtorne,rhapthorne,5,3,2,3,2,5,1410,370,420,520,370,790,,,
560,4,4,250,Rhinoceraxe,ライノソルジャー,Rhinocérache,rhinoceraxe,2,3,3,4,3,2,1320,450,590,630,500,360,,2,
416,4,4,239,Ripped Rabbit,あらくれチャッピー,Pikostaud,ripped-rabbit,3,1,3,2,3,1,1390,290,640,380,550,290,,2,
227,4,2,222,Robber Rabbit,ぬすっとウサギ,Pikassiette,robber-rabbit,1,1,3,2,3,2,1330,350,610,430,570,440,,,
533,8,5,497,Robin 'ood,カンダタ,Chaperon vert,robin-ood,2,3,3,3,3,2,1320,460,610,510,520,390,,3,
309,5,3,310,Rockbomb,ばくだんいわ,Rochexplosif,rockbomb,2,1,3,5,1,3,1350,280,620,780,320,560,,2,
385,3,4,168,Rockin' Rockhopper,岩とびあくま,Bandit manchot,rockin-rockhopper,1,3,3,3,5,3,1190,450,560,510,730,600,,,
402,3,5,188,Roistering Rooster,レッドシャモ,Ergo-go-go,roistering-rooster,2,2,2,3,4,4,1260,350,540,500,640,650,,,
438,4,7,274,Ronin Raccoon,心眼たぬき,Raton bâton,ronin-raccoon,3,3,3,2,5,2,1340,440,560,350,620,390,,,
558,6,5,402,Roseguardin,ピサロナイト,Sire Rosegarde,roseguardin,2,2,3,4,2,2,1350,360,580,650,420,490,,3,
291,4,3,238,Rotten Cotton,モコモコじゅう,Putrikoton,rotten-cotton,0,0,0,0,0,0,1350,380,510,540,545,470,,,
375,2,7,119,Royal Reptile,カイザードラゴン,Reptile royal,royal-reptile,4,1,2,4,2,3,1400,300,520,590,390,590,,,
228,1,3,24,Rubble Slime,ストーンスライム,Slurpierre,rubble-slime,2,2,2,4,2,2,1360,380,540,690,400,510,,,
448,5,4,319,Saccharine Sacksquatch,ハニーイーター,Sacamiel,saccharine-sacksquatch,3,4,1,3,2,3,1410,540,420,530,410,530,,,
229,5,1,284,Sacksquatch,ドロザラー,Sacasable,sacksquatch,1,3,1,2,2,2,1390,540,440,540,430,520,,1,
575,2,4,95,Saltwater Stallion,ドラゴンポップ,Destrier de l'estran,saltwater-stallion,2,4,2,2,3,2,1350,600,490,400,550,420,,,
230,1,1,5,Scallop Slime,パールスライム,Gluître,scallop-slime,1,2,1,3,2,2,1360,410,460,600,490,550,,1,
231,7,2,438,Scarfish,おばけヒトデ,Mauvaise étoile,scarfish,2,1,1,2,2,3,1410,320,410,520,510,580,,,
232,3,2,154,Scissor Beatle,はさみくわがた,Scarapince,scissor-beatle,2,1,2,4,2,1,1390,350,580,720,410,290,,,
233,3,3,159,Scornet,キラービー,Dardtagnan,scornet,2,2,2,1,4,2,1360,350,510,350,680,380,,,
401,3,5,187,Scourgette,ブラックベジター,Secourgette,scourgette,2,3,2,2,2,4,1340,480,500,400,470,720,,3,
547,8,8,518,Scruffy,ワルぼう,Poupouille,scruffy,4,4,2,2,4,4,1310,590,490,330,560,640,,,
475,6,4,389,Sculptrice,ヘルビースト,Glargouille,sculptrice,2,2,3,4,2,2,1360,350,600,640,410,450,,,
327,1,4,34,Scuttle Slime,石炭つむり,Gluantharcite,scuttle-slime,3,2,2,4,2,2,1390,360,540,640,440,380,,,
271,6,2,368,See Urchin,シーメーダ,Biglœil,see-urchin,1,3,1,1,4,3,1310,580,360,360,690,620,,1,
518,7,5,472,Sekerleton,しにがみ,Berserkerlette,sekerleton,3,1,3,1,4,1,1390,320,620,320,580,300,,,
616,2,7,125,Serpent of the Scales,ひかりの番人,Serpent des sentences,serpent-of-the-scales,4,2,3,4,2,2,1430,320,590,610,370,330,,,
234,7,2,441,Shadow,シャドー,Ombre,shadow,1,3,2,2,4,3,1270,440,480,470,670,610,"These monsters are said to have been born in the depths of an unfathomably deep darkness. Adept at imitation, they can even forget their natural appearance if they spend long enough shadowing someone else.",1,
335,1,5,43,Shadow Slime,スライムダーク,Gluant de l'ombre,shadow-slime,2,3,3,2,4,2,1290,470,560,450,600,500,,3,
235,4,1,212,Sham Hatwitch,ビッグハット,Chaporc magique,sham-hatwitch,1,1,1,3,2,2,1360,360,470,630,485,560,,1,
236,1,1,3,Shell Slime,スライムつむり,Gluanbulot,shell-slime,2,3,1,5,1,2,1430,520,380,840,280,500,,,
105,1,2,16,She-Slime,スライムベス,Gluante,she-slime,3,2,2,1,2,1,1480,400,530,350,450,270,"These slimes are proud of their quirky colouration, which is likely the product of a genetic fluke. They feel faintly warm to the touch.",1,
447,5,4,318,Shivery Shrubbery,デビルスノー,Cryfolia,shivery-shrubbery,2,3,2,2,4,3,1290,450,530,410,590,640,,,
343,1,6,53,Shogum,スライムジェネラル,Monte-gluancien,shogum,2,4,4,2,2,3,1260,580,660,450,460,590,,3,
472,6,4,386,Silvapithecus,シルバーデビル,Silvapithèque,silvapithecus,2,3,2,3,3,4,1340,450,440,560,500,650,,,
377,2,7,123,Silver Serpent,シルバーナーガ,Apode argenté,silver-serpent,3,2,4,1,4,2,1340,330,650,310,580,440,,,
481,6,5,396,Sintaur,ずしおうまる,Troublosaure,sintaur,3,2,3,2,2,2,1370,350,620,450,460,460,,,
415,7,6,482,Skelegon,スカルゴン,Dragos,skelegon,3,1,3,3,2,1,1410,280,640,480,440,340,,,
238,7,1,431,Skeleton,がいこつ,Squelette,skeleton,1,1,2,2,2,2,1410,280,610,510,420,410,"Recycled from the bodies of fallen warriors, these unfortunate cadavers truly get worked to the bone.",1,
296,7,3,450,Skeleton Soldier,しりょうのきし,Soldat squelette,skeleton-soldier,2,2,2,2,2,1,1390,400,580,460,480,360,,,
508,7,4,460,Skeleton Swordsman,がいこつけんし,Squelépéiste,skeleton-swordsman,3,1,3,1,3,1,1410,310,660,310,500,320,,,
520,7,5,476,Skellyfish,どくろクラゲ,Squelméduse,skellyfish,2,4,2,1,2,3,1360,620,550,270,430,610,,,
273,7,1,434,Skipper,スキッパー,Bottœil,skipper,1,2,2,3,2,2,1320,380,560,630,530,430,,1,
239,7,2,442,Skullrider,スカルライダー,Cavale-crâne,skullrider,2,2,2,1,2,3,1390,430,520,330,470,600,,,
240,1,3,26,Slick Slime,スライムタール,Gluant de poix,slick-slime,2,2,2,2,4,2,1340,410,490,380,630,510,,2,
101,1,1,1,Slime,スライム,Gluant,slime,1,2,1,1,3,1,1410,430,460,370,640,260,"Adored by all for its flexy physique and funny face, this little monster is something of an icon. Who wouldn't want one for a pal?",1,
17,1,7,,Slime Family (A),,,slime-a,,,,,,,,,,,,,,,
10,1,10,,Slime Family (Any),,,slime-any,,,,,,,,,,,,,,,
16,1,6,,Slime Family (B),,,slime-b,,,,,,,,,,,,,,,
15,1,5,,Slime Family (C),,,slime-c,,,,,,,,,,,,,,,
14,1,4,,Slime Family (D),,,slime-d,,,,,,,,,,,,,,,
13,1,3,,Slime Family (E),,,slime-e,,,,,,,,,,,,,,,
12,1,2,,Slime Family (F),,,slime-f,,,,,,,,,,,,,,,
11,1,1,,Slime Family (G),,,slime-g,,,,,,,,,,,,,,,
18,1,8,,Slime Family (S),,,slime-s,,,,,,,,,,,,,,,
19,1,9,,Slime Family (X),,,slime-x,,,,,,,,,,,,,,,
241,1,2,15,Slime Knight,スライムナイト,Monte-gluant,slime-knight,1,2,2,3,2,2,1320,410,580,590,470,520,,1,
346,1,6,56,Slime Snack,だんごスライム,Gluocube,slime-snack,3,2,2,4,2,2,1400,380,500,630,430,430,,,
243,1,2,14,Slime Stack,スライムタワー,Aggluantin,slime-stack,1,2,2,2,2,2,1340,390,570,510,490,520,,1,
578,1,4,37,Slimecicle,つららスライム,Stalagluant,slimecicle,2,4,2,3,2,3,1330,560,510,580,410,600,,,
242,1,1,9,Slimeshroom,マッシュスライム,Champigluant,slimeshroom,1,2,2,2,2,2,1400,380,520,410,480,510,,,
350,1,7,60,Slionheart,ゴッドライダー,Monte-gluancêtre,slionheart,3,3,4,4,3,3,1270,420,630,590,520,510,,,
244,2,1,67,Small Fry,ドラゴンキッズ,Souffleu,small-fry,2,3,2,1,2,1,1430,490,540,350,470,320,,,
245,1,2,13,Snail Slime,スライムカルゴ,Escargluant,snail-slime,2,3,1,5,1,3,1410,470,460,820,210,630,,,
414,3,8,204,Snipevine,ロイヤルブルーム,Dangeronce,snipevine,4,4,2,4,2,4,1350,590,450,610,360,680,,,
408,3,6,197,Snowbird,ホークブリザード,Rapaglace,snowbird,3,3,3,2,3,3,1320,400,570,440,550,540,,,
465,5,6,343,Snowgre,スノーホムンクルス,Yépire,snowgre,3,3,3,4,2,2,1410,430,540,610,390,360,,3,
246,1,2,12,Snowmangler,スノーム,Dangeleux,snowmangler,2,3,2,3,2,3,1370,480,500,580,390,580,,,
247,7,1,436,Soft Serve Spook,ホイップゴースト,Bat-beurre,soft-serve-spook,2,2,1,2,2,2,1420,430,440,530,460,460,,,
507,7,4,459,Soulspawn,エビルスピリッツ,Grouillâme,soulspawn,2,3,1,4,4,3,1300,470,410,610,580,640,,,
581,7,5,473,Soy Soldier,ソイソルジャー,Flageolaid,soy-soldier,2,3,3,1,3,2,1350,530,610,330,520,380,,,
279,4,3,227,Spiked Hare,アルミラージ,Lièvrecorne,spiked-hare,2,1,3,2,4,2,1310,300,600,480,640,400,,,
386,3,4,169,Spinchilla,うずしおキング,Glacyclone,spinchilla,3,1,2,3,3,2,1370,320,530,590,505,440,,,
248,1,3,25,Spiny Slime,スピンスライム,Gluant piquant,spiny-slime,2,3,3,3,2,2,1360,450,610,540,420,410,,,
249,5,1,282,Spitnik,シャイニング,Spitnik,spitnik,1,3,2,3,2,1,1340,480,590,570,490,330,,,
250,2,2,81,Spitzfire,ワイバーンドッグ,Dracabot,spitzfire,1,1,2,2,2,2,1330,330,660,490,520,400,,,
292,4,3,232,Splatypunk,ダックスビル,Ornitro,splatypunk,2,2,2,3,2,3,1380,340,550,520,430,560,,,
322,1,3,21,Sprite Bulb,アラウネ,Malibulbe,sprite-bulb,1,3,2,2,4,3,1280,550,510,370,600,640,,2,
251,2,3,84,Stabosaur,ソードドラゴン,Surinosaure,stabosaur,2,1,2,2,2,2,1390,310,580,460,510,390,,,
252,3,1,135,Stark Raven,おおがらす,Corbarbac,stark-raven,1,2,2,3,2,2,1300,410,560,590,550,480,These creepy corvids can't resist scooping up skulls from ancient battlefields. Fledgling ravens like to clamber through the eye-holes to hide from predators.,,
446,5,4,317,Stone Golem,ストーンマン,Golem de pierre,stone-golem,3,2,2,4,2,2,1400,330,550,680,390,410,,,
493,6,6,412,Stout Troll,トロルボンバー,Gigatroll,stout-troll,4,1,3,2,3,1,1420,310,670,340,490,250,,,
253,5,1,281,String Fella,くみひもこぞう,Scoubidouille,string-fella,1,2,2,2,2,3,1320,420,580,390,540,570,,,
254,7,1,432,Stump Chump,きりかぶおばけ,Souche louche,stump-chump,1,3,2,3,2,1,1360,460,580,590,460,330,"The tragic remains of chopped-down trees whose deep-seated malice has made them morph into monsters. They attack travellers who try to sit on them, sucking out all their nutrients before discarding the husk.",1,
256,6,2,365,Succubat,くらやみハーピー,Suce-sang,succubat,1,3,2,2,3,3,1310,490,510,390,600,560,,,
257,3,2,147,Suckling Ocker,オクトリーチ,Octopoupon,suckling-ocker,2,2,2,2,2,2,1400,420,600,407,433,410,,,
469,6,3,378,Sugar Baddie,スイーツまじん,Mastoque,sugar-baddie,2,3,3,1,2,3,1350,530,610,340,420,570,,,
304,1,3,23,Sugarstar Slime,こんぺいとう,Slurperstar,sugarstar-slime,1,2,2,2,4,3,1280,420,480,490,640,630,,,
258,4,2,223,Sunset Sultan,ひぐれバット,Sultant vespéral,sunset-sultan,2,2,2,2,2,2,1360,430,590,500,430,490,,,
352,1,7,62,Superior Slime,マスタースライム,Gluant supérieur,superior-slime,3,2,2,3,4,3,1350,330,480,480,580,570,,4,
418,4,4,245,Sweaty Yeti,デザートゴースト,Yéti des sables,sweaty-yeti,3,2,3,3,2,1,1410,350,640,520,380,350,,,
483,6,5,399,Swingre,てっきゅうまじん,Fléogre,swingre,3,1,3,4,2,1,1430,310,590,620,400,270,,3,
435,4,6,270,Tantamount,れんごく天馬,Tempétalon,tantamount,3,2,3,3,2,3,1370,350,560,510,470,500,,,
396,3,5,179,Tartarus Eagle,アンズー,Busard bizarre,tartarus-eagle,2,3,3,3,4,2,1280,430,590,550,600,420,,,
259,6,1,360,Teeny Sanguini,モーモン,Sanguini vache,teeny-sanguini,1,3,1,2,4,2,1300,500,440,470,680,490,"Baby monsters known for their distinctive bovine markings. Considered to be fully-grown once the black fur grows out, replaced entirely with a ravishing shade of rose pink.",,
607,3,7,199,Tentacular,クラーゴン,Tentapieuvre,tentacular,4,2,4,1,2,2,1450,320,660,260,420,360,,4,
630,8,9,520,The Almighty,神さま,Tout-puissant,the-almighty,4,4,3,3,3,4,1330,470,520,470,470,660,,,
504,6,8,427,The Darkling,邪神の子,Scion de l'Ombre,the-darkling,3,4,4,2,3,4,1240,600,680,330,510,630,,,
379,2,7,127,The Dragonlord,りゅうおう,Lordraco,the-dragonlord,3,3,2,2,3,4,1340,490,500,440,490,630,,4,
482,6,5,397,The Time Being,タイムマスター,Titemps,the-time-being,2,4,1,2,2,5,1340,650,380,350,480,820,,3,
609,5,7,348,The Trauminator,Sキラーマシン,Tauminator,the-trauminator,2,2,3,5,4,3,1230,360,580,710,590,570,,4,
598,4,6,265,Tigergram,とうだいタイガー,Tigroar,tigergram,2,2,4,3,3,2,1310,370,650,490,540,420,,3,
260,3,1,145,Toady,フロッガー,Combatracien,toady,1,1,2,2,2,1,1400,340,560,440,505,390,"These ample amphibians might have mutated into mega-sized monsters, but they retain their original love for croaking out a tune. They like to put on evening concerts just after the rain lets up.",1,
485,6,5,401,Togre,ネクロバルサ,Togre,togre,3,3,3,2,2,3,1370,450,590,380,400,610,,,
261,2,3,85,Tortoceratops,デンタザウルス,Tensiocératops,tortoceratops,2,2,2,4,2,2,1350,370,560,690,450,420,,2,
576,7,4,463,Tortured Soul,なげきの亡霊,Âme en peine,tortured-soul,3,3,1,3,3,4,1370,510,320,520,540,670,,,
572,3,3,166,Tree Feller,ヘルボックル,Tailletron,tree-feller,2,3,2,2,4,2,1320,430,530,500,600,430,,2,
505,7,3,451,Treeface,じんめんじゅ,Tronc-bine,treeface,2,3,2,3,2,3,1320,430,530,520,480,650,,2,
566,7,5,470,Treevil,ウドラー,Arbomination,treevil,2,3,2,3,2,4,1340,510,490,590,390,680,,3,
303,1,1,524,Triple Splatty,バーガースライム,,triple-splatty,1,2,2,2,2,2,1340,390,570,510,490,520,"The ripe tomato slime, juicy burger slime and lightly toasted bun slime are a match made in slime heaven. They might look like a tempting meal in waiting, but they don't appreciate being bitten.",1,
384,2,8,132,True Dragonlord,竜王,Lordragon,true-dragonlord,3,2,4,5,3,4,1290,340,610,650,460,610,,,
600,3,6,192,Tuffpoise,ニードルフィン,Globa,tuffpoise,2,3,2,2,4,4,1310,420,530,380,560,680,,,
397,3,5,181,Tufty Tot,ケセランパセラン,Étoupet,tufty-tot,2,4,2,2,3,4,1310,570,470,360,540,710,,,
577,2,4,94,Tundragster,せつげんりゅう,Frigonosaure,tundragster,3,2,3,2,2,1,1420,330,600,460,490,250,,2,
393,3,4,176,Tuskateer,トドマン,Misamorse,tuskateer,3,1,2,3,2,2,1410,280,540,530,480,410,,2,
621,2,5,105,Tyrannoceratops,バザックス,Tyrannocératops,tyrannoceratops,3,2,3,4,2,1,1400,390,560,660,390,350,,,
468,5,8,351,Überkilling Machine,キラーマジンガ,Mékanocinglé,uberkilling-machine,4,2,4,5,3,1,1370,290,630,650,500,220,,,
531,7,7,495,Umbra,まおうのかげ,Revenant,umbra,3,3,3,2,3,4,1340,410,560,410,480,640,,,
77,7,7,,Undead Family (A),,,undead-a,,,,,,,,,,,,,,,
70,7,10,,Undead Family (Any),,,undead-any,,,,,,,,,,,,,,,
76,7,6,,Undead Family (B),,,undead-b,,,,,,,,,,,,,,,
75,7,5,,Undead Family (C),,,undead-c,,,,,,,,,,,,,,,
74,7,4,,Undead Family (D),,,undead-d,,,,,,,,,,,,,,,
73,7,3,,Undead Family (E),,,undead-e,,,,,,,,,,,,,,,
72,7,2,,Undead Family (F),,,undead-f,,,,,,,,,,,,,,,
71,7,1,,Undead Family (G),,,undead-g,,,,,,,,,,,,,,,
78,7,8,,Undead Family (S),,,undead-s,,,,,,,,,,,,,,,
79,7,9,,Undead Family (X),,,undead-x,,,,,,,,,,,,,,,
320,4,3,230,Ursa Major,グリズリー,Plantigrrrade,ursa-major,2,2,3,1,3,2,1350,370,610,320,550,490,,,
596,4,6,264,Ursa Mega,ダースリカント,Ursa méga,ursa-mega,2,2,3,2,4,3,1290,340,640,460,580,500,,3,
262,4,2,219,Vampire Cat,キャットフライ,Chat vampire,vampire-cat,1,2,1,2,4,3,1300,370,450,430,700,600,,1,
263,2,1,69,Vegandragora,はなまきドラゴ,Dracorolle,vegandragora,1,3,3,1,2,1,1360,570,630,350,450,380,Dragons which live in harmony with herbs and flowers. Theey love nothing more than basking in the sun and will get together to lap up the sun's rays on summer days.,,
264,7,2,439,Walking Corpse,くさった死体,Mort-vivant,walking-corpse,2,1,3,2,2,2,1420,310,620,480,400,390,,,
417,4,4,244,Warhog,ソルジャーブル,Sanguinolier,warhog,2,2,3,3,2,2,1350,330,640,510,490,400,,,
265,7,1,430,Wax Murderer,おばけキャンドル,Tristecire,wax-murderer,1,2,2,3,2,2,1360,390,510,600,480,490,,,
266,3,3,163,Weaken Beakon,デッドペッカー,Altérapace,weaken-beakon,2,2,3,2,3,2,1330,370,630,460,540,410,,2,
267,4,2,221,Weartiger,とらおとこ,Tigriff,weartiger,1,1,2,3,2,2,1340,320,590,620,460,500,,,
300,5,3,301,Well Wisher,いどまじん,Puits-sang,well-wisher,3,2,2,2,2,3,1420,340,530,410,440,530,,,
268,6,2,367,Whizzard,コンジャラー,Marcagicien,whizzard,1,3,2,3,2,3,1310,550,520,550,460,600,,,
556,7,6,491,Wight King,ワイトキング,Roi maudit,wight-king,2,4,1,3,4,4,1310,620,320,500,610,680,,3,
325,1,4,32,Wild Slime,スライムファング,Gluant de crin,wild-slime,3,1,3,2,2,2,1400,270,660,400,440,430,,,
102,1,1,6,Wing Slime,はねスライム,Slurpillon,wing-slime,1,3,2,1,3,2,1320,480,540,330,600,530,Slimes which sprouted wings aftrer dreaming of soaring through the sky. Their wings double up as a snug sleeping bag at night.,1,
269,6,1,352,Winky,おおめだま,Clindœil,winky,1,2,2,2,2,2,1340,420,560,520,500,480,,,
270,3,1,142,Woebergine,ナスビナーラ,Colèrgine,woebergine,1,4,1,2,2,2,1350,610,490,440,460,550,These adorable vegetable-based monsters are proud of their ability to cut some rug. Any travaeller straying into their terrain should be prepared to see them strut their stuff.,,
490,6,6,407,Wrecktor,あくましんかん,Cyclomage,wrecktor,3,3,2,2,2,4,1370,480,470,420,450,680,,,
381,2,8,129,Wyrmhole Dragon,じげんりゅう,Dragon du temps,wyrmhole-dragon,3,3,3,3,4,4,1250,390,580,490,580,700,,,
277,2,3,82,Wyrtle,ガメゴン,Tortugon,wyrtle,1,2,2,4,2,4,1300,370,580,670,400,700,,,
362,2,5,101,Wyrtoise,ガメゴンロード,Dracarapace,wyrtoise,2,2,2,4,2,4,1280,350,550,660,470,730,,3,
361,2,4,99,Wyvern,ライバーン,Wyverne,wyvern,3,2,3,2,3,2,1380,340,580,480,510,380,,,
627,2,9,133,Xenlon,しんりゅう,Xenlon,xenlon,4,2,4,4,3,4,1330,280,620,560,460,580,,,
521,7,5,477,Zamtasm,ドルマージュ,Feurfadet,zamtasm,2,4,2,2,3,4,1320,550,470,350,530,720,,,
389,3,4,172,Zaptile,サンダーフロッグ,Gaizard,zaptile,3,2,2,2,2,3,1390,390,530,450,460,520,,,
631,8,9,521,Zoma,ゾーマ,Zoma,zoma,4,4,3,5,3,5,1270,520,500,600,470,760,,,
